rider_id,name,email,signup_date,city
1,David Lopez,david.lopez@hotmail.com,2021-07-08,Phoenix
2,William Davis,william.davis@gmail.com,2024-01-17,Houston
3,David Brown,david.brown@icloud.com,2024-04-09,Chicago
4,Michael Miller,michael.miller@hotmail.com,2021-07-20,San Jose
5,Thomas Lee,thomas.lee@outlook.com,2020-07-24,Houston
6,Elizabeth Davis,elizabeth.davis@outlook.com,2021-01-02,Phoenix
7,James Jackson,james.jackson@yahoo.com,2021-07-15,New York
8,Mary Jackson,mary.jackson@outlook.com,2023-11-29,Chicago
9,Jessica Brown,jessica.brown@gmail.com,2023-03-21,Phoenix
10,Jessica Taylor,jessica.taylor@hotmail.com,2021-11-28,Chicago
11,Mary Rodriguez,mary.rodriguez@hotmail.com,2020-08-21,Los Angeles
12,Richard Taylor,richard.taylor@gmail.com,2023-03-27,New York
13,Robert Jones,robert.jones@icloud.com,2021-09-14,Los Angeles
14,Linda Brown,linda.brown@icloud.com,2024-04-14,San Antonio
15,Karen Lee,karen.lee@icloud.com,2021-04-07,Dallas
16,Richard Thomas,richard.thomas@hotmail.com,2021-08-31,San Jose
17,Susan Martinez,susan.martinez@icloud.com,2023-06-25,New York
18,Karen Brown,karen.brown@yahoo.com,2023-07-05,Houston
19,William Williams,william.williams@yahoo.com,2021-05-06,Chicago
20,Sarah Williams,sarah.williams@yahoo.com,2020-01-06,San Antonio
21,Joseph Lee,joseph.lee@hotmail.com,2021-08-19,New York
22,Linda Martinez,linda.martinez@outlook.com,2023-12-10,San Diego
23,John Davis,john.davis@outlook.com,2024-06-01,San Jose
24,Michael Anderson,michael.anderson@gmail.com,2023-01-20,Houston
25,Robert Rodriguez,robert.rodriguez@yahoo.com,2020-05-26,New York
26,Jennifer Martinez,jennifer.martinez@icloud.com,2024-03-13,San Jose
27,Elizabeth Thomas,elizabeth.thomas@gmail.com,2022-08-17,Phoenix
28,Richard Rodriguez,richard.rodriguez@icloud.com,2023-01-10,San Diego
29,Joseph Williams,joseph.williams@icloud.com,2020-03-22,San Antonio
30,David Lee,david.lee@outlook.com,2020-02-22,Los Angeles
31,Linda Martin,linda.martin@icloud.com,2020-02-12,Phoenix
32,Christopher Johnson,christopher.johnson@yahoo.com,2022-08-21,Dallas
33,Joseph Rodriguez,joseph.rodriguez@yahoo.com,2023-04-13,San Antonio
34,Jessica Williams,jessica.williams@hotmail.com,2021-12-13,San Antonio
35,David Hernandez,david.hernandez@gmail.com,2024-10-22,Chicago
36,David Anderson,david.anderson@hotmail.com,2021-08-13,San Antonio
37,Sarah Johnson,sarah.johnson@hotmail.com,2020-06-29,Philadelphia
38,William Hernandez,william.hernandez@gmail.com,2024-05-01,San Antonio
39,Thomas Smith,thomas.smith@icloud.com,2022-08-04,San Antonio
40,Mary Miller,mary.miller@icloud.com,2022-01-10,San Jose
41,Jessica Thomas,jessica.thomas@gmail.com,2021-02-20,Phoenix
42,Sarah Jones,sarah.jones@outlook.com,2022-06-16,San Diego
43,Patricia Smith,patricia.smith@icloud.com,2024-06-24,Houston
44,Jennifer Martinez,jennifer.martinez@icloud.com,2020-01-29,Dallas
45,Susan Williams,susan.williams@yahoo.com,2024-09-19,Los Angeles
46,Joseph Brown,joseph.brown@yahoo.com,2022-10-17,Phoenix
47,Thomas Rodriguez,thomas.rodriguez@hotmail.com,2024-09-05,San Diego
48,Jessica Davis,jessica.davis@hotmail.com,2023-02-02,Chicago
49,Richard Miller,richard.miller@icloud.com,2022-11-06,Chicago
50,John Rodriguez,john.rodriguez@hotmail.com,2021-11-27,Dallas
51,William Smith,william.smith@outlook.com,2024-01-26,Phoenix
52,Christopher Martin,christopher.martin@hotmail.com,2024-11-07,Chicago
53,Joseph Jackson,joseph.jackson@hotmail.com,2021-12-07,Philadelphia
54,Sarah Jackson,sarah.jackson@hotmail.com,2022-07-21,Philadelphia
55,Michael Davis,michael.davis@icloud.com,2022-02-23,Houston
56,Susan Johnson,susan.johnson@outlook.com,2024-03-05,San Diego
57,Richard Wilson,richard.wilson@yahoo.com,2022-10-11,New York
58,Robert Moore,robert.moore@icloud.com,2021-11-10,Los Angeles
59,Joseph Brown,joseph.brown@icloud.com,2022-07-24,New York
60,Robert Anderson,robert.anderson@yahoo.com,2020-06-02,San Diego
61,William Hernandez,william.hernandez@icloud.com,2023-11-19,San Antonio
62,John Hernandez,john.hernandez@icloud.com,2022-02-17,Philadelphia
63,Jessica Jackson,jessica.jackson@gmail.com,2023-06-18,Los Angeles
64,Linda Martinez,linda.martinez@yahoo.com,2024-03-09,Los Angeles
65,Susan Brown,susan.brown@gmail.com,2022-06-27,Chicago
66,Elizabeth Smith,elizabeth.smith@gmail.com,2021-10-26,New York
67,Elizabeth Lopez,elizabeth.lopez@outlook.com,2022-06-01,Chicago
68,Linda Moore,linda.moore@hotmail.com,2023-03-05,Chicago
69,Jennifer Garcia,jennifer.garcia@gmail.com,2023-06-02,San Antonio
70,Karen Davis,karen.davis@hotmail.com,2023-04-09,Chicago
71,Linda Thomas,linda.thomas@outlook.com,2022-07-30,Phoenix
72,James Thomas,james.thomas@outlook.com,2023-10-19,Dallas
73,Jennifer Williams,jennifer.williams@hotmail.com,2021-12-08,San Jose
74,Elizabeth Anderson,elizabeth.anderson@outlook.com,2022-07-24,Phoenix
75,Michael Wilson,michael.wilson@hotmail.com,2020-08-06,Houston
76,Richard Martin,richard.martin@outlook.com,2023-03-23,Phoenix
77,Elizabeth Smith,elizabeth.smith@hotmail.com,2021-07-16,New York
78,Christopher Johnson,christopher.johnson@icloud.com,2024-03-06,San Diego
79,Elizabeth Davis,elizabeth.davis@icloud.com,2024-06-30,Philadelphia
80,Linda Miller,linda.miller@icloud.com,2021-05-28,Chicago
81,Patricia Johnson,patricia.johnson@outlook.com,2024-06-03,San Diego
82,Mary Martin,mary.martin@outlook.com,2024-02-08,Chicago
83,John Martinez,john.martinez@outlook.com,2024-03-10,San Antonio
84,Jennifer Miller,jennifer.miller@yahoo.com,2024-05-29,Dallas
85,Barbara Moore,barbara.moore@icloud.com,2021-07-12,Chicago
86,William Taylor,william.taylor@outlook.com,2024-03-08,Philadelphia
87,Patricia Thomas,patricia.thomas@gmail.com,2020-10-15,Houston
88,Richard Jackson,richard.jackson@outlook.com,2020-07-03,San Antonio
89,James Rodriguez,james.rodriguez@icloud.com,2020-09-10,San Diego
90,Barbara Rodriguez,barbara.rodriguez@icloud.com,2022-02-19,Philadelphia
91,Patricia Davis,patricia.davis@hotmail.com,2020-02-21,San Jose
92,Sarah Hernandez,sarah.hernandez@icloud.com,2021-03-29,Los Angeles
93,Joseph Martinez,joseph.martinez@hotmail.com,2020-08-26,Chicago
94,Mary Johnson,mary.johnson@outlook.com,2022-10-05,Los Angeles
95,Patricia Davis,patricia.davis@icloud.com,2020-10-04,San Antonio
96,Joseph Lopez,joseph.lopez@icloud.com,2022-05-08,San Jose
97,Robert Anderson,robert.anderson@gmail.com,2024-09-03,San Diego
98,Karen Anderson,karen.anderson@outlook.com,2020-03-08,Philadelphia
99,Michael Thomas,michael.thomas@hotmail.com,2021-04-28,Philadelphia
100,Patricia Lopez,patricia.lopez@icloud.com,2023-08-13,Philadelphia
101,Mary Wilson,mary.wilson@outlook.com,2021-01-23,Los Angeles
102,Joseph Williams,joseph.williams@yahoo.com,2023-08-07,San Jose
103,James Johnson,james.johnson@outlook.com,2021-05-13,Chicago
104,Christopher Miller,christopher.miller@gmail.com,2024-08-26,Dallas
105,Michael Martin,michael.martin@yahoo.com,2024-07-23,Houston
106,David Jones,david.jones@icloud.com,2020-01-06,Phoenix
107,Robert Jones,robert.jones@icloud.com,2021-05-28,Chicago
108,Patricia Smith,patricia.smith@yahoo.com,2020-01-31,Philadelphia
109,Linda Martin,linda.martin@outlook.com,2020-02-02,Chicago
110,William Johnson,william.johnson@yahoo.com,2024-02-28,San Antonio
111,Thomas Brown,thomas.brown@gmail.com,2022-09-02,San Diego
112,Barbara Moore,barbara.moore@icloud.com,2020-08-11,San Diego
113,Thomas Davis,thomas.davis@icloud.com,2020-03-29,Dallas
114,Elizabeth Thomas,elizabeth.thomas@gmail.com,2020-05-04,San Diego
115,Richard Anderson,richard.anderson@gmail.com,2022-10-01,San Diego
116,John Williams,john.williams@outlook.com,2023-05-30,Chicago
117,John Jones,john.jones@outlook.com,2023-07-02,San Jose
118,Sarah Hernandez,sarah.hernandez@hotmail.com,2023-05-08,Dallas
119,Elizabeth Thomas,elizabeth.thomas@icloud.com,2023-05-24,San Antonio
120,Patricia Brown,patricia.brown@icloud.com,2024-01-16,Houston
121,Susan Thomas,susan.thomas@yahoo.com,2022-04-27,Philadelphia
122,Joseph Wilson,joseph.wilson@hotmail.com,2024-02-03,Los Angeles
123,David Anderson,david.anderson@outlook.com,2023-09-24,Phoenix
124,Barbara Jones,barbara.jones@hotmail.com,2020-05-17,Los Angeles
125,John Williams,john.williams@hotmail.com,2020-07-16,Philadelphia
126,Robert Jackson,robert.jackson@gmail.com,2023-04-16,Dallas
127,Sarah Hernandez,sarah.hernandez@gmail.com,2022-04-21,Philadelphia
128,Susan Johnson,susan.johnson@outlook.com,2023-05-14,Phoenix
129,Barbara Brown,barbara.brown@icloud.com,2022-11-05,Houston
130,Robert Taylor,robert.taylor@yahoo.com,2024-10-01,Los Angeles
131,Barbara Jackson,barbara.jackson@outlook.com,2020-08-23,Phoenix
132,Christopher Davis,christopher.davis@hotmail.com,2024-09-26,Dallas
133,Karen Lee,karen.lee@icloud.com,2020-02-23,San Jose
134,William Smith,william.smith@yahoo.com,2021-07-13,Phoenix
135,David Lopez,david.lopez@gmail.com,2021-01-06,Chicago
136,Christopher Wilson,christopher.wilson@gmail.com,2020-10-17,New York
137,John Moore,john.moore@yahoo.com,2022-02-09,San Antonio
138,Joseph Hernandez,joseph.hernandez@yahoo.com,2022-01-27,Phoenix
139,David Martin,david.martin@icloud.com,2020-06-22,New York
140,Robert Garcia,robert.garcia@icloud.com,2020-04-11,Los Angeles
141,William Thomas,william.thomas@hotmail.com,2022-09-21,San Jose
142,Joseph Anderson,joseph.anderson@outlook.com,2021-03-17,Dallas
143,Patricia Lopez,patricia.lopez@hotmail.com,2020-08-15,Phoenix
144,Christopher Taylor,christopher.taylor@icloud.com,2023-09-28,Phoenix
145,Mary Davis,mary.davis@hotmail.com,2023-05-12,New York
146,James Miller,james.miller@outlook.com,2021-03-08,Chicago
147,William Martinez,william.martinez@outlook.com,2020-09-02,New York
148,Jessica Anderson,jessica.anderson@yahoo.com,2020-09-21,San Antonio
149,Sarah Davis,sarah.davis@icloud.com,2023-02-18,Philadelphia
150,John Wilson,john.wilson@gmail.com,2022-06-12,New York
151,Joseph Williams,joseph.williams@outlook.com,2023-03-25,San Antonio
152,Christopher Wilson,christopher.wilson@hotmail.com,2021-08-15,Los Angeles
153,Richard Smith,richard.smith@outlook.com,2020-12-17,San Jose
154,Joseph Lopez,joseph.lopez@gmail.com,2022-06-13,Los Angeles
155,Linda Anderson,linda.anderson@icloud.com,2022-03-31,Dallas
156,John Wilson,john.wilson@outlook.com,2024-03-07,Philadelphia
157,Linda Hernandez,linda.hernandez@yahoo.com,2020-06-05,Dallas
158,Patricia Moore,patricia.moore@icloud.com,2021-02-01,Philadelphia
159,Barbara Jones,barbara.jones@yahoo.com,2020-07-29,Chicago
160,William Miller,william.miller@yahoo.com,2023-05-18,Chicago
161,John Garcia,john.garcia@hotmail.com,2022-08-08,San Jose
162,Christopher Thomas,christopher.thomas@icloud.com,2023-08-09,San Jose
163,David Hernandez,david.hernandez@yahoo.com,2022-06-19,Los Angeles
164,Jessica Thomas,jessica.thomas@outlook.com,2024-06-18,Phoenix
165,Christopher Johnson,christopher.johnson@outlook.com,2022-11-05,Los Angeles
166,Elizabeth Thomas,elizabeth.thomas@hotmail.com,2020-03-18,New York
167,Barbara Martinez,barbara.martinez@gmail.com,2023-08-13,Los Angeles
168,Karen Lee,karen.lee@icloud.com,2022-02-26,San Diego
169,Christopher Jackson,christopher.jackson@gmail.com,2022-07-10,San Jose
170,Michael Hernandez,michael.hernandez@icloud.com,2022-09-01,Dallas
171,Robert Johnson,robert.johnson@hotmail.com,2020-07-30,Philadelphia
172,John Moore,john.moore@yahoo.com,2020-03-21,Houston
173,Joseph Thomas,joseph.thomas@icloud.com,2022-12-06,San Jose
174,Jennifer Lopez,jennifer.lopez@outlook.com,2021-08-02,San Antonio
175,Susan Hernandez,susan.hernandez@icloud.com,2020-04-17,Philadelphia
176,John Hernandez,john.hernandez@gmail.com,2023-02-16,San Antonio
177,Elizabeth Rodriguez,elizabeth.rodriguez@icloud.com,2024-11-23,Chicago
178,David Williams,david.williams@icloud.com,2023-09-21,Chicago
179,Barbara Martinez,barbara.martinez@hotmail.com,2020-09-21,San Jose
180,John Martinez,john.martinez@icloud.com,2022-02-10,Philadelphia
181,Robert Moore,robert.moore@gmail.com,2023-08-16,San Antonio
182,Thomas Lopez,thomas.lopez@gmail.com,2022-01-12,Phoenix
183,Jennifer Miller,jennifer.miller@outlook.com,2024-04-18,San Diego
184,Michael Davis,michael.davis@yahoo.com,2020-11-13,Los Angeles
185,Elizabeth Brown,elizabeth.brown@icloud.com,2024-04-27,Dallas
186,Thomas Johnson,thomas.johnson@outlook.com,2024-11-29,San Jose
187,Robert Lee,robert.lee@hotmail.com,2020-11-11,Chicago
188,Jennifer Lee,jennifer.lee@yahoo.com,2024-01-16,San Diego
189,Mary Anderson,mary.anderson@outlook.com,2023-10-17,Houston
190,Joseph Lee,joseph.lee@outlook.com,2024-03-20,San Diego
191,Linda Jackson,linda.jackson@yahoo.com,2021-09-25,San Diego
192,Michael Lopez,michael.lopez@icloud.com,2022-06-21,San Diego
193,Elizabeth Wilson,elizabeth.wilson@icloud.com,2022-12-16,San Antonio
194,Jennifer Miller,jennifer.miller@icloud.com,2020-10-10,Phoenix
195,Mary Taylor,mary.taylor@outlook.com,2023-02-09,Los Angeles
196,Thomas Brown,thomas.brown@outlook.com,2020-06-20,Chicago
197,William Thomas,william.thomas@icloud.com,2020-10-28,San Antonio
198,John Davis,john.davis@hotmail.com,2024-12-16,Philadelphia
199,James Anderson,james.anderson@gmail.com,2022-03-22,Dallas
200,Barbara Davis,barbara.davis@hotmail.com,2020-06-16,Philadelphia
201,Linda Smith,linda.smith@outlook.com,2020-07-21,Philadelphia
202,Robert Jones,robert.jones@gmail.com,2021-08-10,San Diego
203,Robert Taylor,robert.taylor@hotmail.com,2023-06-14,New York
204,John Smith,john.smith@outlook.com,2021-03-17,Chicago
205,Sarah Lee,sarah.lee@icloud.com,2022-05-16,Los Angeles
206,Elizabeth Davis,elizabeth.davis@outlook.com,2020-09-06,New York
207,Linda Anderson,linda.anderson@icloud.com,2022-07-25,Los Angeles
208,Patricia Taylor,patricia.taylor@icloud.com,2023-01-02,New York
209,Thomas Martin,thomas.martin@yahoo.com,2024-01-11,Chicago
210,Elizabeth Anderson,elizabeth.anderson@gmail.com,2023-06-13,Philadelphia
211,Linda Martin,linda.martin@hotmail.com,2021-01-18,Los Angeles
212,Thomas Lopez,thomas.lopez@gmail.com,2022-12-13,Dallas
213,Thomas Moore,thomas.moore@icloud.com,2020-02-11,San Antonio
214,Jessica Johnson,jessica.johnson@hotmail.com,2022-02-03,Phoenix
215,James Lopez,james.lopez@gmail.com,2021-12-07,Houston
216,Patricia Martin,patricia.martin@outlook.com,2020-09-30,New York
217,Barbara Jackson,barbara.jackson@outlook.com,2024-07-24,Chicago
218,Joseph Taylor,joseph.taylor@yahoo.com,2024-07-19,Chicago
219,John Thomas,john.thomas@gmail.com,2021-08-23,Houston
220,Mary Miller,mary.miller@gmail.com,2021-10-08,Phoenix
221,Thomas Wilson,thomas.wilson@icloud.com,2022-08-27,Phoenix
222,Mary Miller,mary.miller@outlook.com,2022-01-01,New York
223,David Rodriguez,david.rodriguez@gmail.com,2024-06-25,Philadelphia
224,Susan Wilson,susan.wilson@hotmail.com,2022-03-02,Philadelphia
225,Jennifer Taylor,jennifer.taylor@hotmail.com,2022-01-22,Dallas
226,William Williams,william.williams@hotmail.com,2020-06-10,San Antonio
227,Karen Garcia,karen.garcia@icloud.com,2021-08-24,Philadelphia
228,Patricia Williams,patricia.williams@outlook.com,2023-09-15,Phoenix
229,Elizabeth Thomas,elizabeth.thomas@icloud.com,2024-01-09,San Antonio
230,Jennifer Thomas,jennifer.thomas@outlook.com,2022-07-04,New York
231,Barbara Lee,barbara.lee@hotmail.com,2021-07-16,New York
232,John Wilson,john.wilson@outlook.com,2022-11-16,Chicago
233,James Jones,james.jones@icloud.com,2023-10-20,San Diego
234,Mary Jones,mary.jones@gmail.com,2021-04-28,Philadelphia
235,Barbara Wilson,barbara.wilson@icloud.com,2020-03-07,San Jose
236,Robert Thomas,robert.thomas@outlook.com,2022-01-31,San Diego
237,John Martin,john.martin@yahoo.com,2022-12-20,Philadelphia
238,Richard Hernandez,richard.hernandez@outlook.com,2021-05-26,Los Angeles
239,James Garcia,james.garcia@hotmail.com,2022-11-26,San Antonio
240,Sarah Brown,sarah.brown@outlook.com,2024-05-06,Phoenix
241,Joseph Miller,joseph.miller@icloud.com,2021-08-07,San Diego
242,Michael Brown,michael.brown@yahoo.com,2024-10-12,Los Angeles
243,Joseph Garcia,joseph.garcia@hotmail.com,2020-06-28,Philadelphia
244,Barbara Williams,barbara.williams@icloud.com,2023-01-15,Phoenix
245,Elizabeth Garcia,elizabeth.garcia@yahoo.com,2024-06-13,Philadelphia
246,Thomas Davis,thomas.davis@gmail.com,2021-02-15,Chicago
247,Linda Taylor,linda.taylor@gmail.com,2022-01-09,Dallas
248,Christopher Lopez,christopher.lopez@hotmail.com,2024-07-03,Dallas
249,Robert Lee,robert.lee@gmail.com,2020-05-14,Phoenix
250,Richard Taylor,richard.taylor@icloud.com,2022-04-21,San Antonio
251,Christopher Williams,christopher.williams@yahoo.com,2021-10-11,Los Angeles
252,Joseph Thomas,joseph.thomas@icloud.com,2021-12-06,Chicago
253,Sarah Martin,sarah.martin@yahoo.com,2024-04-21,Chicago
254,Susan Moore,susan.moore@gmail.com,2024-08-29,Los Angeles
255,Thomas Jones,thomas.jones@outlook.com,2020-12-03,Chicago
256,David Davis,david.davis@outlook.com,2022-11-28,Phoenix
257,John Rodriguez,john.rodriguez@yahoo.com,2023-07-24,Dallas
258,William Jones,william.jones@outlook.com,2023-06-12,Dallas
259,John Moore,john.moore@yahoo.com,2023-04-27,San Jose
260,Robert Garcia,robert.garcia@icloud.com,2024-01-15,San Jose
261,David Martin,david.martin@gmail.com,2024-08-17,New York
262,John Johnson,john.johnson@icloud.com,2021-06-26,Houston
263,Christopher Anderson,christopher.anderson@icloud.com,2023-08-01,New York
264,Jessica Jackson,jessica.jackson@outlook.com,2023-08-07,Phoenix
265,Jessica Davis,jessica.davis@hotmail.com,2021-09-01,San Diego
266,John Johnson,john.johnson@yahoo.com,2022-06-19,San Antonio
267,Jessica Thomas,jessica.thomas@yahoo.com,2021-11-27,San Jose
268,Robert Hernandez,robert.hernandez@outlook.com,2024-02-12,Philadelphia
269,Richard Jones,richard.jones@outlook.com,2022-11-20,Dallas
270,Patricia Hernandez,patricia.hernandez@yahoo.com,2022-08-13,Los Angeles
271,William Thomas,william.thomas@yahoo.com,2020-10-15,Los Angeles
272,Mary Martinez,mary.martinez@hotmail.com,2024-11-04,San Jose
273,Susan Davis,susan.davis@yahoo.com,2024-07-24,Philadelphia
274,Christopher Hernandez,christopher.hernandez@yahoo.com,2024-04-11,Chicago
275,Jessica Moore,jessica.moore@hotmail.com,2022-10-18,Phoenix
276,Jessica Smith,jessica.smith@gmail.com,2022-03-16,Dallas
277,Joseph Davis,joseph.davis@yahoo.com,2023-04-09,Philadelphia
278,Mary Johnson,mary.johnson@outlook.com,2022-10-10,San Jose
279,Jessica Martinez,jessica.martinez@icloud.com,2020-01-17,Los Angeles
280,Susan Jones,susan.jones@outlook.com,2024-01-29,Philadelphia
281,Richard Lopez,richard.lopez@gmail.com,2022-03-31,New York
282,Christopher Jackson,christopher.jackson@yahoo.com,2022-01-12,Dallas
283,Elizabeth Williams,elizabeth.williams@hotmail.com,2022-10-29,San Diego
284,Sarah Rodriguez,sarah.rodriguez@icloud.com,2023-10-25,San Jose
285,Patricia Jones,patricia.jones@gmail.com,2022-03-17,Philadelphia
286,David Jackson,david.jackson@outlook.com,2024-03-26,Chicago
287,Michael Lee,michael.lee@icloud.com,2022-04-02,Dallas
288,Mary Johnson,mary.johnson@gmail.com,2020-10-07,Philadelphia
289,Jessica Moore,jessica.moore@hotmail.com,2020-11-01,San Jose
290,Thomas Jones,thomas.jones@outlook.com,2023-06-09,Philadelphia
291,Jennifer Wilson,jennifer.wilson@icloud.com,2024-02-23,Phoenix
292,Christopher Hernandez,christopher.hernandez@icloud.com,2024-08-23,Dallas
293,Sarah Taylor,sarah.taylor@icloud.com,2021-09-05,San Diego
294,James Lopez,james.lopez@outlook.com,2023-10-11,Los Angeles
295,Susan Martin,susan.martin@outlook.com,2024-06-19,New York
296,Karen Taylor,karen.taylor@outlook.com,2023-09-04,San Jose
297,Christopher Davis,christopher.davis@gmail.com,2023-04-10,San Diego
298,Jennifer Moore,jennifer.moore@icloud.com,2024-05-05,San Antonio
299,Robert Davis,robert.davis@gmail.com,2023-03-18,Los Angeles
300,Michael Smith,michael.smith@hotmail.com,2021-10-04,San Antonio
301,Robert Anderson,robert.anderson@yahoo.com,2022-04-20,Dallas
302,Karen Taylor,karen.taylor@gmail.com,2023-12-16,Chicago
303,Thomas Miller,thomas.miller@icloud.com,2021-10-27,San Diego
304,Thomas Wilson,thomas.wilson@outlook.com,2020-12-20,San Diego
305,Sarah Hernandez,sarah.hernandez@icloud.com,2021-12-26,Phoenix
306,Karen Taylor,karen.taylor@yahoo.com,2021-05-19,Phoenix
307,Sarah Martinez,sarah.martinez@yahoo.com,2021-09-01,Phoenix
308,Michael Taylor,michael.taylor@outlook.com,2022-09-09,Philadelphia
309,Sarah Rodriguez,sarah.rodriguez@outlook.com,2020-09-06,San Jose
310,Sarah Wilson,sarah.wilson@hotmail.com,2024-08-03,Philadelphia
311,Robert Martinez,robert.martinez@gmail.com,2021-08-12,Los Angeles
312,Barbara Thomas,barbara.thomas@outlook.com,2024-03-10,San Diego
313,Michael Miller,michael.miller@icloud.com,2021-07-09,Dallas
314,William Jones,william.jones@gmail.com,2023-06-14,San Jose
315,Linda Davis,linda.davis@gmail.com,2023-10-03,Dallas
316,Linda Davis,linda.davis@gmail.com,2020-07-24,San Antonio
317,David Taylor,david.taylor@gmail.com,2023-10-27,Chicago
318,James Jackson,james.jackson@yahoo.com,2022-04-13,San Diego
319,Jessica Miller,jessica.miller@outlook.com,2021-10-19,Phoenix
320,Mary Williams,mary.williams@icloud.com,2021-04-20,Dallas
321,Mary Garcia,mary.garcia@hotmail.com,2024-12-11,Chicago
322,Mary Wilson,mary.wilson@hotmail.com,2021-01-16,Phoenix
323,Mary Smith,mary.smith@outlook.com,2023-03-09,San Jose
324,Patricia Hernandez,patricia.hernandez@outlook.com,2022-07-19,Dallas
325,Thomas Taylor,thomas.taylor@yahoo.com,2024-10-08,Dallas
326,Joseph Rodriguez,joseph.rodriguez@yahoo.com,2024-07-14,Los Angeles
327,David Garcia,david.garcia@hotmail.com,2023-08-20,Phoenix
328,Jennifer Smith,jennifer.smith@outlook.com,2024-06-07,Phoenix
329,Christopher Miller,christopher.miller@yahoo.com,2023-06-05,San Antonio
330,Susan Moore,susan.moore@outlook.com,2020-06-26,San Antonio
331,Patricia Garcia,patricia.garcia@yahoo.com,2022-09-04,Philadelphia
332,Linda Smith,linda.smith@outlook.com,2022-02-24,Houston
333,Joseph Rodriguez,joseph.rodriguez@outlook.com,2021-09-10,San Jose
334,Christopher Smith,christopher.smith@outlook.com,2023-08-31,Philadelphia
335,Linda Johnson,linda.johnson@gmail.com,2022-08-11,Phoenix
336,Jennifer Wilson,jennifer.wilson@icloud.com,2024-12-23,Phoenix
337,Patricia Martinez,patricia.martinez@outlook.com,2023-06-12,Houston
338,Linda Jones,linda.jones@hotmail.com,2020-11-09,San Diego
339,Karen Lopez,karen.lopez@hotmail.com,2023-12-08,Dallas
340,Jessica Jackson,jessica.jackson@yahoo.com,2024-04-09,Houston
341,Karen Williams,karen.williams@icloud.com,2022-07-03,Dallas
342,Barbara Williams,barbara.williams@icloud.com,2020-08-17,New York
343,Sarah Moore,sarah.moore@yahoo.com,2023-03-18,Dallas
344,Robert Garcia,robert.garcia@outlook.com,2024-10-15,Dallas
345,Joseph Brown,joseph.brown@yahoo.com,2024-01-08,San Jose
346,Jessica Williams,jessica.williams@icloud.com,2022-07-01,New York
347,Joseph Jones,joseph.jones@icloud.com,2022-04-30,San Diego
348,Christopher Johnson,christopher.johnson@icloud.com,2022-08-04,Phoenix
349,James Wilson,james.wilson@outlook.com,2024-07-30,New York
350,Michael Martin,michael.martin@gmail.com,2020-04-02,San Antonio
351,Barbara Williams,barbara.williams@icloud.com,2020-05-03,Los Angeles
352,Jessica Johnson,jessica.johnson@outlook.com,2022-04-17,Chicago
353,Robert Anderson,robert.anderson@outlook.com,2024-12-30,San Antonio
354,Joseph Wilson,joseph.wilson@hotmail.com,2020-06-13,Dallas
355,Robert Lopez,robert.lopez@gmail.com,2020-12-31,Dallas
356,Richard Moore,richard.moore@yahoo.com,2024-01-30,Houston
357,James Smith,james.smith@outlook.com,2022-08-06,Dallas
358,Susan Jackson,susan.jackson@hotmail.com,2024-08-13,Houston
359,Linda Thomas,linda.thomas@outlook.com,2020-11-13,Phoenix
360,Michael Brown,michael.brown@gmail.com,2024-07-15,San Antonio
361,Karen Smith,karen.smith@yahoo.com,2021-02-26,Los Angeles
362,Patricia Lee,patricia.lee@gmail.com,2022-07-03,San Jose
363,Mary Davis,mary.davis@gmail.com,2022-04-03,San Diego
364,Linda Jackson,linda.jackson@yahoo.com,2024-03-24,New York
365,Robert Moore,robert.moore@outlook.com,2021-04-24,San Jose
366,David Martin,david.martin@icloud.com,2024-05-01,Philadelphia
367,Linda Martinez,linda.martinez@yahoo.com,2023-09-14,Dallas
368,Linda Anderson,linda.anderson@outlook.com,2021-07-17,New York
369,Sarah Martin,sarah.martin@yahoo.com,2023-07-06,San Antonio
370,Sarah Taylor,sarah.taylor@gmail.com,2021-12-06,San Antonio
371,Thomas Hernandez,thomas.hernandez@hotmail.com,2022-04-16,Chicago
372,Elizabeth Wilson,elizabeth.wilson@yahoo.com,2024-03-25,Dallas
373,Jessica Davis,jessica.davis@yahoo.com,2021-09-07,Chicago
374,Joseph Johnson,joseph.johnson@icloud.com,2022-04-25,San Antonio
375,Sarah Moore,sarah.moore@yahoo.com,2022-03-06,Houston
376,William Miller,william.miller@outlook.com,2023-08-17,Los Angeles
377,Joseph Lopez,joseph.lopez@gmail.com,2023-01-01,Houston
378,Mary Rodriguez,mary.rodriguez@hotmail.com,2023-10-11,San Jose
379,Karen Johnson,karen.johnson@gmail.com,2021-01-20,San Jose
380,Sarah Miller,sarah.miller@hotmail.com,2021-03-03,Philadelphia
381,Elizabeth Smith,elizabeth.smith@yahoo.com,2021-01-24,Los Angeles
382,Jessica Davis,jessica.davis@icloud.com,2023-12-12,Houston
383,Richard Davis,richard.davis@icloud.com,2021-10-20,Phoenix
384,Richard Thomas,richard.thomas@icloud.com,2023-08-21,Philadelphia
385,Elizabeth Rodriguez,elizabeth.rodriguez@outlook.com,2022-11-16,San Diego
386,Joseph Brown,joseph.brown@hotmail.com,2024-04-08,Philadelphia
387,Michael Lopez,michael.lopez@outlook.com,2022-04-27,New York
388,Christopher Davis,christopher.davis@yahoo.com,2020-02-03,Phoenix
389,Sarah Martin,sarah.martin@icloud.com,2024-01-14,San Antonio
390,Elizabeth Jones,elizabeth.jones@yahoo.com,2021-11-06,Houston
391,Richard Martin,richard.martin@yahoo.com,2022-10-19,Dallas
392,David Rodriguez,david.rodriguez@hotmail.com,2024-01-21,San Diego
393,Joseph Garcia,joseph.garcia@outlook.com,2020-12-12,Chicago
394,Sarah Taylor,sarah.taylor@yahoo.com,2024-12-26,Dallas
395,Mary Moore,mary.moore@gmail.com,2024-09-14,Los Angeles
396,Mary Smith,mary.smith@hotmail.com,2020-10-08,Houston
397,John Jones,john.jones@gmail.com,2021-03-23,Dallas
398,Joseph Lopez,joseph.lopez@gmail.com,2023-06-19,San Jose
399,Jessica Taylor,jessica.taylor@gmail.com,2020-01-14,Dallas
400,Sarah Anderson,sarah.anderson@gmail.com,2020-02-04,Dallas
401,William Jackson,william.jackson@outlook.com,2020-02-05,Dallas
402,Susan Garcia,susan.garcia@gmail.com,2020-07-16,Dallas
403,Robert Davis,robert.davis@yahoo.com,2023-06-23,Dallas
404,William Lopez,william.lopez@outlook.com,2024-06-16,San Antonio
405,John Lopez,john.lopez@hotmail.com,2022-07-29,San Jose
406,Linda Davis,linda.davis@outlook.com,2023-11-01,Los Angeles
407,Mary Williams,mary.williams@hotmail.com,2022-02-15,San Antonio
408,Sarah Taylor,sarah.taylor@gmail.com,2023-07-28,New York
409,Jennifer Williams,jennifer.williams@hotmail.com,2024-09-27,San Antonio
410,David Martin,david.martin@gmail.com,2022-12-17,New York
411,Linda Miller,linda.miller@icloud.com,2022-08-31,Phoenix
412,Mary Williams,mary.williams@outlook.com,2023-01-17,San Jose
413,Mary Garcia,mary.garcia@outlook.com,2020-02-02,Houston
414,Christopher Jones,christopher.jones@hotmail.com,2020-06-06,Phoenix
415,Jennifer Martin,jennifer.martin@yahoo.com,2023-03-06,San Antonio
416,Sarah Hernandez,sarah.hernandez@hotmail.com,2024-03-27,Chicago
417,John Moore,john.moore@outlook.com,2020-04-19,Los Angeles
418,Susan Davis,susan.davis@gmail.com,2021-11-28,San Jose
419,Karen Lee,karen.lee@hotmail.com,2024-05-03,Philadelphia
420,James Rodriguez,james.rodriguez@hotmail.com,2022-10-01,Houston
421,Barbara Jackson,barbara.jackson@hotmail.com,2022-06-03,Chicago
422,Christopher Wilson,christopher.wilson@gmail.com,2024-04-30,San Jose
423,Elizabeth Davis,elizabeth.davis@gmail.com,2020-06-17,Phoenix
424,Robert Wilson,robert.wilson@yahoo.com,2024-02-23,San Antonio
425,David Lopez,david.lopez@gmail.com,2020-07-06,New York
426,Elizabeth Thomas,elizabeth.thomas@outlook.com,2024-04-08,Phoenix
427,Patricia Jones,patricia.jones@gmail.com,2021-01-18,San Antonio
428,Joseph Jackson,joseph.jackson@icloud.com,2022-11-15,San Antonio
429,Patricia Smith,patricia.smith@gmail.com,2021-12-25,Dallas
430,John Lee,john.lee@icloud.com,2024-05-25,Philadelphia
431,Richard Smith,richard.smith@outlook.com,2022-04-27,San Antonio
432,John Jackson,john.jackson@yahoo.com,2023-03-17,Dallas
433,Jennifer Wilson,jennifer.wilson@yahoo.com,2020-10-11,Phoenix
434,Elizabeth Rodriguez,elizabeth.rodriguez@hotmail.com,2020-10-25,Los Angeles
435,Jennifer Anderson,jennifer.anderson@outlook.com,2022-05-12,Phoenix
436,Jessica Williams,jessica.williams@outlook.com,2021-05-30,Houston
437,Jessica Lee,jessica.lee@icloud.com,2021-02-04,San Diego
438,Patricia Jones,patricia.jones@outlook.com,2020-01-14,San Antonio
439,David Lee,david.lee@hotmail.com,2024-07-04,Philadelphia
440,Joseph Hernandez,joseph.hernandez@hotmail.com,2024-07-28,San Jose
441,Robert Martinez,robert.martinez@outlook.com,2023-05-20,Houston
442,Jessica Hernandez,jessica.hernandez@yahoo.com,2022-03-26,Philadelphia
443,Elizabeth Taylor,elizabeth.taylor@icloud.com,2024-05-20,Houston
444,David Wilson,david.wilson@outlook.com,2024-07-30,San Antonio
445,Barbara Brown,barbara.brown@icloud.com,2021-02-13,San Jose
446,Sarah Garcia,sarah.garcia@icloud.com,2020-02-25,San Diego
447,Michael Thomas,michael.thomas@outlook.com,2024-08-29,Los Angeles
448,Susan Taylor,susan.taylor@yahoo.com,2023-07-21,Phoenix
449,Linda Rodriguez,linda.rodriguez@yahoo.com,2024-01-04,San Antonio
450,Richard Williams,richard.williams@hotmail.com,2023-05-09,San Diego
451,Christopher Wilson,christopher.wilson@icloud.com,2022-11-03,San Antonio
452,Sarah Johnson,sarah.johnson@outlook.com,2023-12-07,Dallas
453,Karen Williams,karen.williams@gmail.com,2024-04-23,Houston
454,Barbara Garcia,barbara.garcia@icloud.com,2020-03-31,San Jose
455,Richard Hernandez,richard.hernandez@hotmail.com,2020-08-04,New York
456,Patricia Rodriguez,patricia.rodriguez@yahoo.com,2022-11-11,Dallas
457,Sarah Martin,sarah.martin@icloud.com,2021-03-28,San Diego
458,Barbara Wilson,barbara.wilson@hotmail.com,2024-04-30,San Jose
459,Thomas Jones,thomas.jones@outlook.com,2020-02-20,San Diego
460,Patricia Martinez,patricia.martinez@hotmail.com,2020-06-24,Los Angeles
461,Robert Lopez,robert.lopez@outlook.com,2021-12-03,San Diego
462,Michael Moore,michael.moore@hotmail.com,2021-12-14,San Diego
463,Patricia Thomas,patricia.thomas@hotmail.com,2021-10-15,Los Angeles
464,Elizabeth Johnson,elizabeth.johnson@gmail.com,2020-02-16,Philadelphia
465,Patricia Garcia,patricia.garcia@yahoo.com,2022-11-22,Chicago
466,Sarah Garcia,sarah.garcia@outlook.com,2023-02-20,San Antonio
467,Joseph Davis,joseph.davis@hotmail.com,2023-07-13,Chicago
468,Jennifer Anderson,jennifer.anderson@hotmail.com,2020-02-29,San Jose
469,Michael Thomas,michael.thomas@icloud.com,2022-05-29,San Antonio
470,James Miller,james.miller@yahoo.com,2021-07-24,Los Angeles
471,Christopher Brown,christopher.brown@icloud.com,2021-01-17,Philadelphia
472,David Miller,david.miller@hotmail.com,2020-08-21,Phoenix
473,Jessica Moore,jessica.moore@outlook.com,2023-05-07,San Antonio
474,Karen Wilson,karen.wilson@icloud.com,2020-08-21,Philadelphia
475,Barbara Thomas,barbara.thomas@icloud.com,2020-12-19,Phoenix
476,Karen Martin,karen.martin@gmail.com,2023-10-08,Chicago
477,David Brown,david.brown@yahoo.com,2021-09-17,Los Angeles
478,Jennifer Lopez,jennifer.lopez@yahoo.com,2022-11-12,San Antonio
479,Susan Lee,susan.lee@yahoo.com,2023-03-23,San Antonio
480,Susan Garcia,susan.garcia@hotmail.com,2023-07-25,Dallas
481,Jennifer Jackson,jennifer.jackson@yahoo.com,2022-09-29,Phoenix
482,Robert Garcia,robert.garcia@outlook.com,2024-09-20,San Diego
483,Karen Johnson,karen.johnson@outlook.com,2020-01-20,San Diego
484,Robert Miller,robert.miller@hotmail.com,2023-02-24,Dallas
485,Jessica Anderson,jessica.anderson@hotmail.com,2022-05-01,San Diego
486,Jessica Garcia,jessica.garcia@gmail.com,2023-03-03,New York
487,Linda Martinez,linda.martinez@gmail.com,2021-07-16,Houston
488,Sarah Martinez,sarah.martinez@yahoo.com,2024-05-17,San Diego
489,Christopher Taylor,christopher.taylor@icloud.com,2022-11-12,Los Angeles
490,Christopher Brown,christopher.brown@outlook.com,2024-05-06,Dallas
491,Barbara Jackson,barbara.jackson@gmail.com,2024-04-05,San Diego
492,Sarah Miller,sarah.miller@hotmail.com,2020-07-28,Houston
493,Elizabeth Johnson,elizabeth.johnson@hotmail.com,2021-06-22,Philadelphia
494,John Thomas,john.thomas@gmail.com,2024-05-07,Houston
495,Michael Martin,michael.martin@outlook.com,2024-10-29,San Jose
496,Susan Garcia,susan.garcia@icloud.com,2020-10-12,Houston
497,Michael Johnson,michael.johnson@icloud.com,2021-12-19,Dallas
498,William Lee,william.lee@icloud.com,2020-12-10,Philadelphia
499,Elizabeth Martinez,elizabeth.martinez@icloud.com,2021-07-01,Dallas
500,Patricia Jones,patricia.jones@hotmail.com,2020-05-01,Phoenix
